date,pot,lemna_fgcc,hyperspec,projected_shoot_area_pixels
2021-09-23,CP,0.004458936854623549,Yes,NA
2021-09-21,2A,0.321635899688405,Yes,358368
2021-09-21,3A,0.0116098658895443,Yes,66180
2021-09-21,4A,0.23627168433403853,Yes,566523
2021-09-21,5A,7.587468307401378e-4,Yes,195
2021-09-21,6A,0.014197920147822304,Yes,24484
2021-09-21,7A,2.702385972499121e-4,Yes,407
2021-09-21,8A,0.001060166804595809,Yes,123
2021-09-21,9A,0.0055502850358251175,Yes,198602
2021-09-21,10A,0.2685444091209992,Yes,316571
2021-09-21,11A,0.006776752515651642,Yes,9100
2021-09-21,12A,0.20968436388152795,Yes,615277
2021-09-21,13A,1.8708825963455452e-4,Yes,612
2021-09-21,14A,0.0050202016335272135,Yes,92286
2021-09-21,15A,0.007140535242718831,Yes,7656
2021-09-21,16A,2.598448050479924e-4,Yes,63
2021-09-21,17A,0.00102898542799005,Yes,1096
2021-09-21,18A,2.0787584403839392e-4,Yes,5489
2021-09-21,19A,0.030942319385114936,Yes,19895
2021-09-21,20A,0.0064961201261998095,Yes,7352
2021-09-21,21A,0.020683646481820195,Yes,29077
2021-09-21,22A,5.716585711055832e-4,Yes,420
2021-09-21,23A,0.006194700152344139,Yes,77696
2021-09-21,24A,8.21109583951656e-4,Yes,1874
2021-09-21,25A,0.0031181376605759086,Yes,645
2021-09-21,26A,1.6630067523071512e-4,Yes,111
2021-09-21,27A,3.7417651926910904e-4,Yes,62
2021-09-21,28A,0.1634423823751872,Yes,198519
2021-09-21,29A,0.3809532717847607,Yes,626568
2021-09-21,30A,0.11468510315598192,Yes,144151
2021-09-21,31A,0.4110329064171163,Yes,554065
2021-09-21,31A,0.3802257063306263,Yes,554065
2021-09-21,32A,0.11739788292068297,Yes,93614
2021-09-21,33A,0.7101454584039613,Yes,1596205
2021-09-21,34A,0.5894007743942602,Yes,2700979
2021-09-21,35A,0.6605254944319967,Yes,1306457
2021-09-21,36A,0.5040469528320957,Yes,1269276
2021-09-21,37A,0.2697189076398161,Yes,406389
2021-09-21,39A,0.6842545220289793,Yes,2847816
2021-09-21,40A,0.09725471363336259,Yes,117446
2021-09-21,41A,0.5610153278908175,Yes,1140256
2021-09-21,42A,0.5239926400675795,Yes,2042867
2021-09-21,43A,0.47640985936719116,Yes,1987673
2021-09-21,44A,0.7977443390817405,Yes,2583260
2021-09-21,46A,0.34013684980782205,Yes,1314409
2021-09-21,47A,0.7842012278426391,Yes,2494893
2021-09-21,47A,0.7819977438958322,Yes,2494893
2021-09-21,48A,0.21871656930499617,Yes,324093
2021-09-21,49A,0.24592751728962192,Yes,1122850
2021-09-21,50A,0.8385919424352849,Yes,1947184
2021-09-21,51A,0.4076757115358962,Yes,415650
2021-09-21,52A,0.7102078211571728,Yes,1936041
2021-09-21,53A,0.7574476067148979,Yes,1998181
2021-09-21,53A,0.7592977017268395,Yes,1998181
2021-09-21,54A,0.6301132584491796,Yes,1495277
2021-09-21,55A,0.4227986791896894,Yes,1338068
2021-09-21,56A,0.4362066711301658,Yes,422278
2021-09-21,57A,0.7217137491246979,Yes,1886867
2021-09-21,58A,0.3289219480219507,Yes,1559262
2021-09-21,59A,0.5631148739156053,Yes,1213640
2021-09-21,60A,0.3955253684518521,Yes,1479716
2021-09-21,61A,0.3510295440354339,Yes,596283
2021-09-21,62A,0.2313450268303286,Yes,301136
2021-09-21,63A,0.4085591838730594,Yes,1540207
2021-09-21,64A,0.7829747603628127,Yes,2067240
2021-09-21,65A,0.634343531875361,Yes,933998
2021-09-21,66A,0.018594494249234334,Yes,107795
2021-09-21,67A,0.08608138701629892,Yes,1010183
2021-09-21,68A,0.20372872094982797,Yes,488281
2021-09-21,69A,0.3688341100773223,Yes,865346
2021-09-21,70A,0.2119813919581522,Yes,391297
2021-09-21,71A,0.27201593571644034,Yes,214169
2021-09-21,72A,0.1874416485694198,Yes,233640
2021-09-21,73A,0.2700722965746814,Yes,227168
2021-09-21,74A,0.5140249933459385,Yes,1395053
2021-09-21,75A,0.41119920709234703,Yes,1292874
2021-09-21,76A,0.03047459873602855,Yes,151453
2021-09-21,77A,0.3349295599146603,Yes,1014276
2021-09-21,79A,0.6823836394326338,Yes,2090463
2021-09-21,80A,0.7485713081744584,Yes,1953800
2021-09-21,81A,0.4570254369106109,Yes,395674
2021-09-21,82A,0.10937387534080097,Yes,242345
2021-09-21,83A,0.6367133164973986,Yes,1979863
2021-09-21,84A,0.4595407346234755,Yes,875864
2021-09-21,85A,0.08040637647405077,Yes,290684
2021-09-21,86A,0.703846820329598,Yes,2124381
2021-09-21,87A,0.32196850103886643,Yes,1391480
2021-09-21,88A,0.7268171010958405,Yes,2765900
2021-09-21,89A,0.6586442180434492,Yes,1935903
2021-09-21,90A,0.14515970189201047,Yes,157020
2021-09-21,94A,5.924461555094227e-4,Yes,3968
2021-09-21,96A,0.22891287945507938,Yes,558101
2021-09-21,96A,0.2293909938963677,Yes,558101
2021-09-21,97A,3.222075582595106e-4,Yes,1242
2021-09-21,98A,0.09532146828380553,Yes,328389
2021-09-21,99A,0.39020374684446923,Yes,1084990
2021-09-21,100A,0.07869140076073401,Yes,288951
2021-09-21,101A,0.19764835251170493,Yes,187125
2021-09-21,102A,6.132337399132621e-4,Yes,149
2021-09-21,103A,0.07188346686847662,Yes,72119
2021-09-21,104A,0.059982574797278566,Yes,418793
2021-09-21,105A,0.001164104726615006,Yes,368
2021-09-21,106A,0.15322528464070015,Yes,438203
2021-09-21,107A,0.31602325189936836,Yes,833144
2021-09-21,109A,0.10726393552381126,Yes,257601
2021-09-21,110A,0.001195286103220765,Yes,7119
2021-09-21,112A,0.010508123916140812,Yes,77179
2021-09-21,113A,0.0018189136353359467,Yes,3435
2021-09-21,115A,0.2035312388979915,Yes,509192
2021-09-21,116A,4.2614548027870754e-4,Yes,195
2021-09-21,117A,0.17544721236840446,Yes,475740
2021-09-21,117A,0.17992693680743185,Yes,475740
2021-09-21,118A,0.001808519843134027,Yes,4157
2021-09-21,119A,0.0037417651926910907,Yes,3532
2021-09-21,120A,0.07498081694464868,Yes,241062
2021-09-21,121A,0.37838600511088655,Yes,437607
2021-09-21,122A,0.1451285205154047,Yes,242473
2021-09-21,123A,0.030329085645201672,Yes,60123
2021-09-21,124A,0.0021723025702012166,Yes,2802
2021-09-21,125A,0.014301858069841501,Yes,32963
2021-09-21,126A,3.118137660575909e-4,Yes,462
2021-09-21,126A,3.3260135046143024e-4,Yes,462
2021-09-21,127A,0.003617039686268054,Yes,2870
2021-09-21,127A,0.004147123088565958,Yes,2870
2021-09-21,128A,0.158682025546708,Yes,322041
2021-09-21,129A,0.007015809736295795,Yes,29468
2021-09-21,130A,0.15564703822374745,Yes,260010
2021-09-21,131A,0.005155320932152169,Yes,3348
2021-09-21,132A,0.2719639667554308,Yes,492392
2021-09-21,133A,0.007327623502353386,Yes,73647
2021-09-21,134A,0.2988423133895951,Yes,857782
2021-09-21,135A,0.0014239495316629984,Yes,1028
2021-09-21,136A,6.028399477113423e-4,Yes,1868
2021-09-21,137A,0.10151616843614968,Yes,159386
2021-09-21,138A,0.003346801089018142,Yes,1136
2021-09-21,139A,0.17944882236614354,Yes,492592
2021-09-21,142A,0.04217800875539013,Yes,83277
2021-09-21,143A,2.806323894518318e-4,Yes,4234
2021-09-21,145A,0.0796892048121183,Yes,313292
2021-09-21,146A,0.0024841163362588074,Yes,13231
2021-09-21,147A,0.027179766608020003,Yes,29575
2021-09-21,148A,0.0025776604660760847,Yes,2270
2021-09-21,149A,0.38824971391050833,Yes,1172615
2021-09-21,150A,0.07189386066067853,Yes,212904
2021-09-21,151A,0.38573441619764376,Yes,290154
2021-09-21,152A,0.49814327886140525,Yes,2030697
2021-09-21,153A,0.7436238630863446,Yes,2606255
2021-09-21,154A,0.6092529174999268,Yes,1980841
2021-09-21,155A,0.2560926460630994,Yes,285530
2021-09-21,156A,0.38244997786183715,Yes,961244
2021-09-21,157A,0.6773946191757123,Yes,1451639
2021-09-21,158A,0.3008898904533733,Yes,473067
2021-09-21,159A,0.5502681467540326,Yes,2679720
2021-09-21,160A,0.6288556095927473,Yes,2415123
2021-09-21,161A,0.8857070024865868,Yes,2201024
2021-09-21,164A,0.5869998083956167,Yes,1642356
2021-09-21,166A,0.5563381213999536,Yes,1527856
2021-09-21,167A,0.8302665148815472,Yes,2438585
2021-09-21,167A,0.4858162413099285,Yes,2438585
2021-09-21,168A,0.7312448565738583,Yes,3768404
2021-09-21,169A,0.9356699616012149,Yes,2276291
2021-09-21,170A,0.7515647203286113,Yes,2256252
2021-09-21,171A,0.4545725019509579,Yes,613313
2021-09-21,172A,0.1889799298153039,Yes,1435743
2021-09-21,173A,0.3827410040434909,Yes,838056
2021-09-21,174A,0.2837089519436,Yes,1205749
2021-09-21,176A,0.6339277801872841,Yes,3364727
2021-09-21,177A,0.3504578854643283,Yes,635221
2021-09-21,178A,0.8824641393195879,Yes,2339844
2021-09-21,179A,0.6808869333555574,Yes,2362710
2021-09-21,180A,0.21861263138297696,Yes,304670
2021-09-22,3,0.2791564709591592,No,610785
2021-09-22,5,0.015850533107927535,No,18897
2021-09-22,13,0.0306616869956631,No,32374
2021-09-22,41,0.1376345963378206,No,213994
2021-09-22,53,0.03513101764248857,No,34292
2021-09-22,55,0.03756316501773778,No,30587
2021-09-22,59,0.004573268568844666,No,3570
2021-09-22,63,0.0013096178174418817,No,5497
2021-09-22,66,0.132666363665303,No,110988
2021-09-22,74,0.5168417110326587,No,864514
2021-09-22,76,0.4290973172640527,No,1002393
2021-09-22,81,0.005321621607382884,No,6414
2021-09-22,83,0.010373004617515856,No,17647
2021-09-22,85,0.050763281114175794,No,85840
2021-09-22,87,0.5263000619364058,No,1106279
2021-09-22,94,0.08515633951032807,No,96775
2021-09-22,98,0.01573620139370642,No,61574
2021-09-22,101,0.09904244589209278,No,442940
2021-09-22,105,0.008824329579429822,No,15337
2021-09-22,113,0.013470354693687925,No,10857
2021-09-22,132,0.001507099869278356,No,1836
2021-09-22,134,0.004677206490863863,No,3445
2021-09-22,139,0.0014759184926725968,No,5965
2021-09-22,142,0.23908840202075876,No,763930
2021-09-22,144,0.022783192506607975,No,74191
2021-09-22,146,0.4945158453829353,No,1492739
2021-09-22,153,0.24846360258689032,No,717298
2021-09-22,154,0.12837372748591017,No,704966
2021-09-22,156,0.009988434306044828,No,16293
2021-09-22,163,0.008304639969333836,No,11617
2021-09-22,169,0.3256375096861441,No,340803
2021-09-22,172,8.003219995478166e-4,No,4181
2021-09-22,177,0.05449465251466497,No,391985
2021-09-22,181,0.019228515573551437,No,10097
2021-09-22,182,0.39735467587939,No,722025
2021-09-22,184,0.59616713311771,No,1061957
2021-09-22,187,0.01916615282033992,No,14352
2021-09-22,188,0.03250138821540289,No,27449
2021-09-22,190,0.11987160546473985,No,210972
2021-09-22,191,0.004344605140402433,No,19754
2021-09-22,201,0.06170794430279723,No,95019
2021-09-22,206,0.35464658372170194,No,577008
2021-09-22,207,0.005789342256469271,No,14542
2021-09-22,215,0.16181055699948582,No,198690
2021-09-22,216,0.053372122956857636,No,192294
2021-09-22,226,0.30970382624060117,No,663386
2021-09-22,231,0.018823157677676568,No,54163
2021-09-22,232,0.3273213040228551,No,769569
2021-09-22,235,0.1459080549305487,No,749355
2021-09-22,236,0.2966907984037977,No,647812
2021-09-22,240,0.5118422969835354,No,1311926
2021-09-22,243,0.41939990913966163,No,572172
2021-09-22,244,0.003908065867921805,No,1119
2021-09-22,245,0.05503512970916479,No,306366
2021-09-22,247,0.5092230613486517,No,790608
2021-09-22,253,0.5263000619364058,No,1248347
2021-09-22,255,0.23713436908679786,No,417563
2021-09-22,256,0.045659929143033226,No,341292
2021-09-22,261,0.05126218313986794,No,86813
2021-09-23,265,0.6916029331157365,No,1415944
2021-09-23,266,0.056178446851375956,No,60149
2021-09-23,268,0.366422750286477,No,813162
2021-09-23,270,0.063163075211066,No,91247
2021-09-22,271,0.04523378366275452,No,243268
2021-09-23,275,0.08302561210893453,No,126959
2021-09-23,289,0.044495824416418216,No,41567
2021-09-23,291,0.3310526754233442,No,540629
2021-09-23,292,0.35891843231669096,No,928248
2021-09-22,305,0.01958190450841671,No,11238
2021-09-23,307,0.01805401705473451,No,13434
2021-09-22,324,0.3828137605889043,No,562262
2021-09-23,325,0.007795344151439772,No,7414
2021-09-23,330,0.5848378996176175,No,1063383
2021-09-23,334,0.372752569737446,No,835522
2021-09-23,338,0.37966444155172263,No,398343
2021-09-23,346,0.470215159214847,No,742090
2021-09-23,347,0.025111401959837985,No,12713
2021-09-23,348,0.01746157089922509,No,15378
2021-09-23,349,0.6570435740443535,No,1140699
2021-09-23,354,0.15402560664024798,No,151571
2021-09-23,360,0.001091348181201568,No,3390
2021-09-23,365,0.01261806373313051,No,32073
2021-09-23,367,0.116358503700491,No,130806
2021-09-23,371,0.007379592463362984,No,6612
2021-09-23,372,0.44630943715043175,No,1106556
2021-09-23,373,0.6564303403044404,No,957709
2021-09-23,378,0.19827198004382013,No,147302
2021-09-23,386,0.1600643999095633,No,363884
2021-09-23,387,0.26650722584942294,No,718924
2021-09-23,388,0.0069118718142765975,No,60073
2021-09-23,400,0.07834840561807067,No,147428
2021-09-23,401,0.05703073781193337,No,36241
2021-09-23,402,0.22478654395091727,No,246691
2021-09-23,403,0.02558951640112629,No,17621
2021-09-23,405,0.2730241335600266,No,605893
2021-09-23,416,0.005789342256469271,No,11221
2021-09-23,417,0.419358333970854,No,979970
2021-09-23,423,0.5820835446841087,No,1036184
2021-09-23,424,0.018615281833638177,No,18004
2021-09-23,425,0.20948688182969147,No,739170
2021-09-23,426,0.042521003898053474,No,40045
2021-09-23,427,0.33692516801742883,No,809422
2021-09-23,432,0.08623729389932772,No,98595
2021-09-23,436,0.007826525528045532,No,3054
2021-09-23,444,0.2741882382866416,No,727844
2021-09-23,447,0.277108893895381,No,442089
2021-09-23,454,0.019737811391445502,No,26587
2021-09-23,455,0.31316495904384045,No,667901
2021-09-23,462,0.21998461195363037,No,282664
2021-09-23,463,0.4379528282200883,No,724404
2021-09-23,468,0.21017287211501817,No,273630
2021-09-23,469,0.4951186853306466,No,1184503
2021-09-23,474,0.14704097828055793,No,204611
2021-09-23,485,0.01607919653636977,No,9243
2021-09-23,487,0.40926596174278995,No,923784
2021-09-23,493,0.36352288226214136,No,748958
2021-09-23,494,0.003918459660123726,No,2313
2021-09-23,503,0.4110952691703278,No,903000
2021-09-23,510,0.022845555259819492,No,15221
2021-09-23,511,0.03592094584983447,No,26884
2021-09-23,514,0.003315619712412383,No,1318
2021-09-23,516,0.40609585512120444,No,893994
2021-09-23,517,0.1397965051158199,No,299259
2021-09-23,523,0.38047515734347237,No,839451
2021-09-23,526,0.07698681883961919,No,95873
2021-09-23,530,0.211617609231085,No,227447
2021-09-23,531,0.02737724865985648,No,36927
2021-09-23,533,0.10592313632976362,No,318135
2021-09-23,535,0.08651792628877955,No,185585
2021-09-23,541,0.057633577759644714,No,114014
2021-09-23,548,0.21128500788062357,No,448057
2021-09-23,553,0.015663444848292983,No,109813
2021-09-23,554,0.024134385492857534,No,11126
2021-09-23,555,0.6703060528940031,No,883974
2021-09-23,556,0.3918875411811802,No,869622
2021-09-23,565,0.3529627893849909,No,672545
2021-09-23,575,0.010986238357429118,No,20624
2021-09-23,576,0.5542801505439735,No,1722288
2021-09-23,582,0.040078462730602345,No,130130
2021-09-23,592,3.0141997385567116e-4,No,9332
2021-09-22,593,0.02046537684557988,No,183148
2021-09-22,614,0.0015486750380860348,No,903
2021-09-23,616,0.482511015389718,No,811921
2021-09-23,617,0.47518339188736464,No,1142106
2021-09-23,618,0.06382827791198885,No,147099
2021-09-23,622,0.26736991060218224,No,682632
2021-09-23,625,0.12931956257628485,No,122616
2021-09-22,626,0.009645439163381477,No,164398
2021-09-23,627,0.04586780498707162,No,57948
2021-09-23,634,0.01466564079690869,No,75830
2021-09-23,637,0.006059580853719182,No,4443
2021-09-23,638,0.45199484148488184,No,985910
2021-09-23,646,0.03685638714800724,No,60203
2021-09-23,647,0.004074366543152521,No,21966
2021-09-23,660,0.2548661785832729,No,579514
2021-09-23,661,0.002931049400941354,No,2221
2021-09-23,663,0.2799048239976974,No,473545
2021-09-23,664,0.1868076272451027,No,488410
2021-09-23,666,7.17171661932459e-4,No,1284
2021-09-23,667,0.41612586459605694,No,440225
2021-09-22,669,0.0017981260509321074,No,1181
2021-09-22,677,0.12430975473495956,No,120715
2021-09-22,679,0.0012784364408361226,No,1211
2021-09-22,680,0.11294933985826133,No,153620
2021-09-22,682,0.028884348529134834,No,99436
2021-09-23,687,0.033405648136969904,No,37278
2021-09-23,693,0.42351585085162186,No,965933
2021-09-22,695,0.2236951957697157,No,558618
2021-09-22,698,0.008928267501449018,No,7583
2021-09-22,705,0.20625441245489445,No,767463
2021-09-22,707,0.3030102240625649,No,492879
2021-09-22,711,0.3392845588472646,No,518600
2021-09-22,717,0.19960238544566583,No,200873
2021-09-22,720,0.11789678494637511,No,190467
2021-09-22,721,0.02936246297042314,No,31482
2021-09-22,723,0.5282437010781647,No,789479
2021-09-22,724,0.3675452798442843,No,703978
2021-09-22,728,0.1679740757752242,No,514957
2021-09-22,731,0.003939247244527565,No,2060
2021-09-22,732,0.03305225920210463,No,63552
2021-09-22,735,0.44683952055272963,No,1238780
2021-09-22,738,0.008959448878054778,No,62930
2021-09-22,739,0.06957604499965045,No,256458
2021-09-22,746,0.5200949679918596,No,1050601
2021-09-22,752,0.38990232687061355,No,329858
2021-09-22,753,0.11964294203629762,No,113539
2021-09-22,769,0.042843211456312986,No,156705
2021-09-23,777,0.06510671435282497,No,91276
2021-09-22,778,0.012597276148726671,No,14649
2021-09-22,797,0.4682299449042804,No,910807
2021-09-22,798,0.028208752036010056,No,23480
2021-09-22,800,0.2501370031313994,No,467214
2021-09-22,801,0.0417414694829095,No,61241
2021-09-23,804,6.755964931247803e-4,No,435
2021-09-22,808,0.0032324693747970254,No,3989
2021-09-23,812,0.1009029346962364,No,86047
2021-09-23,821,0.47221076731761563,No,962360
2021-09-22,822,0.009333625397323887,No,4226
2021-09-23,827,0.0037521589848930103,No,4256
2021-09-23,829,0.0022138777390088953,No,933
2021-09-23,833,0.2066078013897597,No,1224420
2021-09-23,837,0.20164996250944403,No,498030
2021-09-23,839,0.006672814593632444,No,3316
2021-09-23,841,0.015601082095081464,No,170104
2021-09-23,842,0.05287322093116549,No,69764
2021-09-23,845,0.006527301502805569,No,3634
2021-09-23,846,0.013085784382216897,No,8141
2021-09-23,847,0.02319894419468476,No,32874
2021-09-23,852,0.09345058568745998,No,93146
2021-09-23,853,0.0017981260509321074,No,3332
2021-09-23,857,0.10104844778706329,No,121592
2021-09-23,858,0.29380132417166405,No,776900
2021-09-23,864,4.469330646825469e-4,No,77
2021-09-23,866,0.2970545811308649,No,467642
2021-09-23,867,0.12790600683682377,No,120312
2021-09-23,871,0.1270225344996606,No,180663
2021-09-23,877,6.236275321151817e-4,No,222
2021-09-23,880,7.483530385382181e-4,No,2065
2021-09-23,881,0.04889239851783025,No,333284
2021-09-23,884,0.0021307274013935376,No,13064
2021-09-23,887,0.3993294963977547,No,1045100
2021-09-23,890,0.39264628801192036,No,597546
2021-09-23,893,0.28719087233124313,No,491298
2021-09-23,897,0.0143538270308511,No,11683
2021-09-23,901,0.0061427311913345405,No,23191
2021-09-23,908,0.08931385639109594,No,844894
2021-09-23,910,0.0025049039206626465,No,550
2021-09-23,912,0.002089152232585859,No,41399
2021-09-23,915,0.3640321780800354,No,671911
2021-09-23,919,0.29739757627352825,No,904384
2021-09-23,920,0.03793734153700689,No,66762
2021-09-23,921,0.009281656436314288,No,74481
2021-09-23,931,0.003242863166998945,No,12276
2021-09-23,935,0.22186588834217782,No,527058
2021-09-23,937,0.48273967881816027,No,1153722
2021-09-23,940,0.12794758200563144,No,126812
2021-09-23,949,0.030329085645201672,No,33763
2021-09-23,950,4.365392724806272e-4,No,91
2021-09-23,953,0.0022450591156146543,No,1510
2021-09-23,957,0.011225295578073271,No,16585
2021-09-23,958,0.5583441232949241,No,1180468
2021-09-23,961,0.5309564808428657,No,1537880
2021-09-23,962,0.07309954055610123,No,110805
2021-09-23,972,0.39201226668760325,No,663659
2021-09-23,973,6.236275321151817e-4,No,287
2021-09-23,984,0.5474098538985046,No,1349293
2021-09-23,986,0.04099311644437128,No,22915
2021-09-23,987,0.1374267204937822,No,304510
2021-09-23,989,0.1581103669756024,No,594127
2021-09-23,993,0.009385594358333485,No,14080
2021-09-23,1005,0.01734723918500397,No,46205
2021-09-23,1018,0.14177132563418465,No,619087
2021-09-23,1021,0.00989489017622755,No,19761
2021-09-23,1025,0.21408093798293998,No,874192
2021-09-23,1028,0.012929877499188102,No,9036
2021-09-23,1029,0.018656857002445855,No,282863
2021-09-23,1035,0.025402428141491736,No,16482
2021-09-23,1038,0.049723901893983825,No,170382
2021-09-23,1041,0.16635264419172474,No,702143
2021-09-23,1042,0.07668539886576352,No,193991
2021-09-23,1043,0.04378904654668768,No,109436
2021-09-23,1044,0.224433155016052,No,501919
2021-09-23,1046,0.08514594571812614,No,129468
2021-09-23,1048,0.4805361948713533,No,942487
2021-09-23,1050,4.2614548027870754e-4,No,4749
2021-09-23,1054,0.002764748725710639,No,2654
2021-09-23,1056,0.010154734981275542,No,37054
2021-09-23,1065,0.16869124743715666,No,158606
2021-09-23,1070,0.44419949733344205,No,820755
2021-09-23,1081,0.18294113654598856,No,327490
2021-09-23,1086,0.01717054471757134,No,20724
2021-09-23,1089,0.006069974645921103,No,4150
2021-09-23,1094,0.498434305043059,No,848086
2021-09-23,1100,0.38425849770497117,No,959742
2021-09-23,1102,0.001611037791297553,No,2856
2021-09-22,1108,0.019644267261628226,No,35722
2021-09-22,1115,0.20715867237646146,No,304525
2021-09-22,1117,0.01126687074688095,No,148519
2021-09-22,1121,0.22393425299035985,No,714472
2021-09-22,1122,0.680803783017942,No,1282454
2021-09-22,1123,0.3622860209901129,No,862068
2021-09-22,1125,9.666226747785318e-4,No,387
2021-09-22,1126,6.444151165190212e-4,No,260
2021-09-22,1127,0.0011848923110188453,No,1014
2021-09-22,1138,0.0017149757133167497,No,28147
2021-09-22,1145,0.4930918958512723,No,756737
2021-09-22,1152,0.17495870413491424,No,328550
2021-09-22,1155,0.014177132563418465,No,4800
2021-09-22,1159,0.13593001441670577,No,528163
2021-09-22,1160,0.07336977915335113,No,195129
2021-09-22,1167,0.32047179496178996,No,775573
2021-09-22,1172,0.0019644267261628226,No,2103
2021-09-22,1175,0.4058671916927622,No,871975
2021-09-22,1187,0.0768828809176,No,90040
2021-09-22,1191,0.0020787584403839394,No,8078
2021-09-22,1194,0.02391611585661722,No,358827
2021-09-22,1204,0.20560999733837543,No,917429
2021-09-22,1206,0.28391682778763844,No,770497
2021-09-22,1207,0.0024425411674511284,No,4379
2021-09-22,1211,9.146537137689333e-4,No,1356
2021-09-22,1214,0.003648221062873813,No,3401
2021-09-22,1217,0.2754354933508719,No,269782
2021-09-22,1220,0.4114174767285873,No,608198
2021-09-22,1222,0.3100364275910626,No,811382
2021-09-22,1223,0.006309031866565255,No,193159
2021-09-22,1224,0.42064716420389203,No,1201815
2021-09-22,1225,0.21206454229576754,No,337111
2021-09-22,1226,0.05893280178488468,No,86835
2021-09-22,1227,0.007202897995930349,No,3403
2021-09-22,1235,7.691406229420575e-4,No,203
2021-09-22,1236,0.09261908231130642,No,330077
2021-09-22,1239,9.666226747785318e-4,No,3193
2021-09-22,1245,0.12557779738359376,No,184591
2021-09-22,1246,0.004136729296364039,No,8571
2021-09-22,1247,8.315033761535756e-5,No,501
2021-09-22,1251,0.49871493743251083,No,804167
2021-09-22,1253,0.003305225920210463,No,1070
2021-09-22,1256,1.0393792201919695e-5,No,319
2021-09-22,1261,0.19168231578780304,No,160810
2021-09-22,1262,0.0013200116096438014,No,1067
2021-09-22,1263,0,No,59
2021-09-22,1269,0.4449686379563841,No,828397
2021-09-22,1270,3.8457031147102875e-4,No,189
2021-09-22,1276,0.0607932905890283,No,228562
2021-09-22,1285,0.0025880542582780042,No,672
2021-09-22,1288,4.2614548027870754e-4,No,205
2021-09-22,1289,4.157516880767878e-5,No,243
2021-09-22,1293,0.17153914650048266,No,184220
2021-09-22,1300,0.2970130059620572,No,741027
2021-09-22,1306,0.43295341417096495,No,825911
2021-09-22,1309,0.006995022151891956,No,6257
2021-09-22,1314,0.0014759184926725968,No,1313
2021-09-22,1321,0.17698549361428859,No,94611
2021-09-22,1327,0.13417346353458134,No,123907
2021-09-22,1330,3.4299514266334996e-4,No,673
2021-09-22,1337,0.5491248296118214,No,1136315
2021-09-22,1358,0.04073327163932329,No,122468
2021-09-22,1362,0.0021099398169896985,No,974
2021-09-22,1363,0.13161659065290912,No,467288
2021-09-22,1372,0.002899868024335595,No,2854
2021-09-22,1373,8.21109583951656e-4,No,78264
2021-09-22,1380,0.4915224332287824,No,788730
2021-09-22,1381,0.0032948321280085436,No,5359
2021-09-22,1384,0.04190777015814021,No,106966
2021-09-22,1386,0.023479576584136592,No,34345
2021-09-22,1392,0.3776896210333579,No,598199
2021-09-22,1394,0.2898101079661269,No,599199
2021-09-22,1397,0.21524504270955497,No,427519
2021-09-22,1408,0.0016837943367109906,No,562
2021-09-22,1410,0.3596771791474311,No,565091
2021-09-22,1411,0.0015486750380860348,No,621
2021-09-22,1412,0.488986347931514,No,948323
2021-09-22,1413,0.5518480031687243,No,1121336
2021-09-22,1416,0.2224375469132834,No,528990
2021-09-22,1427,0.004749963036277301,No,15993
2021-09-22,1428,6.548089087209408e-4,No,20743
2021-09-22,1430,0.35841953029099877,No,611619
2021-09-22,1435,0.3286724970091046,No,272767
2021-09-22,1443,0.4027178726555805,No,692074
2021-09-22,1444,0.01777338466528268,No,12761
2021-09-22,1450,8.730785449612544e-4,No,319
2021-09-22,1456,5.196896100959848e-5,No,0
2021-09-22,1467,0.17343081668123206,No,447061
2021-09-22,1474,0.20947648803748956,No,628766
2021-09-22,1477,0.0025880542582780042,No,150640
2021-09-22,1478,0.003617039686268054,No,1468
2021-09-22,1491,0.030017271879144082,No,17202
2021-09-22,1494,2.910261816537515e-4,No,836
2021-09-22,1496,0.28806395087620434,No,837249
2021-09-22,1506,5.924461555094227e-4,No,264
2021-09-22,1510,0.3911911571036516,No,836469
2021-09-22,1514,0.06842233406523736,No,98707
2021-09-22,1518,0.0984188183599776,No,196194
2021-09-22,1519,0.00376255277709493,No,1778
2021-09-22,1520,0.42650926300577474,No,643142
2021-09-22,1522,0.04155438122327494,No,62010
2021-09-22,1524,0.29335439110698147,No,452952
2021-09-22,1526,0.14530521498283736,No,109266
2021-09-22,1529,0.10043521404715001,No,118190
2021-09-22,1534,0.003274044543604704,No,431
2021-09-22,1542,0.0014967060770764362,No,3638
2021-09-22,1546,0.3460613113629163,No,554094
2021-09-22,1549,0.47175344046073114,No,770922
2021-09-22,1551,0.1934180790855236,No,445389
2021-09-22,1552,2.078758440383939e-5,No,225
2021-09-22,1562,0.49281126346182047,No,991080
2021-09-22,1563,0.4249605879676887,No,924509
2021-09-22,1565,4.469330646825469e-4,No,237
2021-09-22,1566,0.3621093265226803,No,604673
2021-09-22,1567,0.18272286690974826,No,515716
2021-09-22,1580,0.05327857882704036,No,139002
2021-09-22,1582,8.003219995478166e-4,No,298
2021-09-22,1583,0.02489313232359767,No,95256
2021-09-22,1585,0.30530725213918913,No,1095074
2021-09-22,1586,0.040255157198034984,No,20612
2021-09-22,1587,0.014748791134524049,No,7138
2021-09-22,1590,0.0049994140491233735,No,4210
2021-09-22,1591,0.005976430516103825,No,4563
2021-09-22,1596,6.236275321151817e-4,No,1536
2021-09-22,1597,0.15985652406552492,No,218661
2021-09-22,1599,0.0035546769330565358,No,8002
2021-09-22,1600,3.637827270671894e-4,No,2759
2021-09-22,1605,0.570390528456949,No,1408857
2021-09-22,1607,0.4016992810197924,No,614800
2021-09-22,1611,0.039205384185641096,No,41776
2021-09-22,1612,0.009738983293198755,No,8518
2021-09-22,1613,0.38389471497790395,No,1035151
2021-09-22,1615,0.006111549814728781,No,4008
2021-09-22,1617,0.016276678588206243,No,164544
2021-09-22,1620,0.09911520243750623,No,116727
2021-09-22,1621,0.04142965571685191,No,41889
2021-09-22,1623,6.340213243171014e-4,No,1521
2021-09-22,1625,0.0040327913743448416,No,7097
2021-09-22,1630,0.035650707252584554,No,328251
2021-09-22,1634,0.15496104793842075,No,282068
2021-09-22,1638,0.023853753103405703,No,419252
2021-09-22,1649,0.19412485695525417,No,521677
2021-09-22,1651,0.3591055205763255,No,660128
2021-09-22,1652,0.3454272900385992,No,665165
2021-09-22,1654,0.014998242147370121,No,84825
2021-09-22,1657,0.545933935405832,No,941263
2021-09-22,1663,0.20857222811592255,No,727791
2021-09-22,1665,3.9496410367294846e-4,No,1425
2021-09-22,1670,0.5139834181771309,No,1242827
2021-09-22,1684,0.2561030398553013,No,557422
2021-09-22,1686,0.18940607529558262,No,156789
2021-09-22,1693,0.04268730457328419,No,593617
2021-09-22,1694,2.910261816537515e-4,No,1743
2021-09-22,1697,0.06498198884640194,No,158880
2021-09-22,1699,0.001881276388547465,No,359
2021-09-22,1708,0.15877556967652529,No,702489
2021-09-23,1709,0.32783059984074914,No,594109
2021-09-23,1710,0.004957838880315695,No,17039
2021-09-23,1711,0.25881581962000233,No,789961
2021-09-22,1713,0.31614797740579137,No,757108
2021-09-22,1715,0.11537109344130862,No,139007
2021-09-22,1716,0.07543814380153316,No,115431
2021-09-22,1720,0.1354103248066098,No,352179
2021-09-22,1721,0.0017565508821244286,No,7806
2021-09-22,1723,0.21896602031784224,No,590440
2021-09-22,1724,0.32302866784346224,No,1487805
2021-09-22,1726,0.004926657503709936,No,2233
2021-09-23,1727,0.0024529349596530484,No,1263
2021-09-23,1728,0.00581012984087311,No,2647
2021-09-23,1729,0.6311214562927658,No,1223824
2021-09-23,1738,0.006963840775286196,No,3812
2021-09-23,1739,0.0022450591156146543,No,772
2021-09-22,1741,0.004271848594988995,No,1621
2021-09-23,1745,0.06346449518492166,No,66369
2021-09-22,1747,0.03110862006034565,No,66548
2021-09-22,1748,0.15696704983339124,No,302457
2021-09-22,1752,8.418971683554953e-4,No,2361
2021-09-22,1753,0.15164542822600835,No,191700
2021-09-22,1754,0.4582207230138317,No,945902
2021-09-22,1756,0.005851705009680789,No,10121
2021-09-23,1757,0.012264674798265242,No,11309
2021-09-23,1758,0.4548843157170155,No,994241
2021-09-23,1765,0.34526098936336846,No,1230992
2021-09-23,1767,0.6873622658973533,No,1492791
2021-09-23,1771,0.30188769450475755,No,482376
2021-09-23,1780,0.021130579546502742,No,12843
2021-09-22,1783,0.004926657503709936,No,5473
2021-09-22,1784,5.716585711055832e-4,No,9784
2021-09-22,1788,5.092958178940651e-4,No,89
2021-09-22,1790,0.4942040316168777,No,1012562
2021-09-22,1793,0.3380996665362458,No,822613
2021-09-22,1799,0.007140535242718831,No,3805
2021-09-22,1800,0.21093161894575832,No,177913
2021-09-23,1801,0.31601285810716645,No,985286
2021-09-23,1802,0.06990864635011187,No,36466
2021-09-23,1808,0.0014863122848745166,No,2524
2021-09-23,1810,0.006943053190882357,No,4381
2021-09-23,1812,2.0787584403839392e-4,No,126
2021-09-22,1816,8.003219995478166e-4,No,249
2021-09-22,1818,0.17187174785094408,No,304312
2021-09-22,1822,6.236275321151817e-4,No,303
2021-09-22,1827,0.019394816248782153,No,7369
2021-09-22,1829,0.0055710726202289566,No,4927
2021-09-22,1830,9.354412981727727e-4,No,572
2021-09-22,1831,0.0022138777390088953,No,1653
2021-09-22,1833,0.1565305105609106,No,110295
2021-09-22,1834,0.04480763818247581,No,244707
2021-09-22,1835,0.14261322280254016,No,627905
2021-09-22,1837,0.04494275748110076,No,263010
2021-09-22,1840,0.34715265954411784,No,886290
2021-09-22,1841,0.0041159417119602,No,15288
2021-09-22,1844,0.32125132937693396,No,1347432
2021-09-22,1847,0.0076810124372186555,No,425892
2021-09-22,1848,0.017492752275830848,No,28341
2021-09-22,1853,0.14958745737002827,No,487776
2021-09-22,1871,0.22049390777152442,No,309402
2021-09-22,1874,0.4150345164148554,No,1383574
2021-09-23,1877,0.00514492713995025,No,3247
2021-09-22,1889,0.2946432213400195,No,1095872
2021-09-22,1891,0.5539163678169063,No,1359840
2021-09-22,1911,2.494510128460727e-4,No,165
2021-09-22,1914,0.10074702781320762,No,157713
2021-09-22,1917,0.30472519977588164,No,1175784
2021-09-22,1923,0.054172444956405455,No,62729
2021-09-22,1924,0.11953900411427842,No,148085
2021-09-22,1929,0.0020163956871724208,No,5077
2021-09-22,1934,0.30653371961901565,No,654995
2021-09-22,1938,0.1625900914146298,No,166786
2021-09-22,1945,0.32996132724214267,No,634439
2021-09-22,1951,3.7417651926910904e-4,No,279
2021-09-22,1953,0.03726174504388211,No,47013
2021-09-22,1957,0.43803597855770365,No,906662
2021-09-23,1958,0.00479153820508498,No,2748
2021-09-22,1959,0.24890014185937095,No,476467
2021-09-22,1960,0.0012056798954226846,No,354
2021-09-22,1961,0.2196312230187651,No,299456
2021-09-22,1962,7.691406229420575e-4,No,281
2021-09-23,1968,0.11049640489860829,No,147386
2021-09-22,1973,0.37237839321817695,No,856609
2021-09-23,1983,0.14745672996863474,No,186169
2021-09-23,1992,0.42721604087550524,No,1353938
2021-09-23,2000,0.027294098322241122,No,68962
2021-09-22,2002,0.015840139315725615,No,10693
2021-09-22,2006,0.024591712349742,No,25588
2021-09-23,2019,0.23133463303812668,No,382108
2021-09-23,2020,0.011121357656054074,No,8994
2021-09-23,2021,0.0065584828794113285,No,8539
2021-09-23,2026,0.15604200232742038,No,346405
2021-09-23,2028,0.4365184848962234,No,647785
2021-09-23,2035,1.2472550642303636e-4,No,0
2021-09-23,2042,0.061271405030316604,No,29717
2021-09-23,2044,0.3749872350608588,No,801315
2021-09-23,2048,3.3260135046143024e-4,No,0
2021-09-23,2049,0.002868686647729836,No,2308
2021-09-23,2050,0.006641633217026686,No,5676
2021-09-23,2051,0.0013511929862495605,No,2906
2021-09-23,2055,0.002671204595893362,No,1467
2021-09-23,2058,0.013179328512034174,No,112000
2021-09-23,2067,0.036773236810391886,No,21534
2021-09-23,2069,0.10477981918755246,No,224940
2021-09-23,2076,0.03348879847458526,No,189816
2021-09-23,2084,0.006797540100055481,No,134398
2021-09-23,2086,0.1935635921763505,No,432846
2021-09-23,2090,0.08198623288874256,No,44393
2021-09-23,2091,0.3326637132146418,No,551019
2021-09-23,2093,0.01948836037859943,No,14670
2021-09-23,2095,0.06152085604316268,No,220905
2021-09-23,2104,0.07851470629330139,No,119946
2021-09-23,2106,0.008117551709699283,No,9639
2021-09-23,2110,1.9748205183647423e-4,No,94
2021-09-23,2112,0.1353583558456002,No,255865
2021-09-23,2113,0.13713569431212846,No,70005
2021-09-23,2115,0.13211549267860126,No,345446
2021-09-23,2118,0.1806960774303739,No,173004
2021-09-23,2119,0.0012160736876246044,No,395
2021-09-23,2122,0.0023697846220376907,No,852
2021-09-23,2123,8.315033761535756e-5,No,80
2021-09-23,2125,7.067778697305393e-4,No,173
2021-09-23,2126,0.0011848923110188453,No,2297
2021-09-23,2129,0.018937489391897686,No,176888
2021-09-23,2130,0.3176342896906659,No,367639
2021-09-23,2131,0.35006292136065537,No,842077
2021-09-23,2132,0.0015486750380860348,No,4116
2021-09-23,2134,1.0393792201919696e-4,No,0
2021-09-23,2150,0.0013096178174418817,No,221
2021-09-23,2155,0.2534630166360137,No,428882
2021-09-23,2157,8.315033761535757e-4,No,710
2021-09-23,2167,0.01614155928958129,No,109597
2021-09-23,2168,0.32165668727280883,No,900888
2021-09-23,2170,0.006600058048219007,No,3328
2021-09-23,2174,0.009738983293198755,No,46442
2021-09-23,2192,0.03468408457780602,No,36818
2021-09-23,2195,0.27041529171734474,No,450366
2021-09-23,2203,0.44808677561696003,No,674612
2021-09-23,2205,0.5113122135812375,No,968542
2021-09-23,2206,0.4997647104449047,No,919548
2021-09-23,2207,0.004126335504162119,No,1661
2021-09-23,2209,0.666574681493514,No,1299936
2021-09-23,2212,0.33021077825498873,No,1255904
2021-09-23,2226,0.4334211348200513,No,557582
2021-09-23,2227,0.38094287799255877,No,795571
2021-09-23,2229,0.2757161257403238,No,798847
2021-09-23,2231,3.118137660575909e-4,No,77
2021-09-23,2232,0.4625549343620322,No,977412
2021-09-23,2235,0.07594743961942722,No,88710
2021-09-23,2239,3.222075582595106e-4,No,59
2021-09-23,2241,0.09673502402326661,No,332081
2021-09-23,2245,0.39261510663531457,No,733174
2021-09-23,2247,0.003627433478469974,No,2665
2021-09-23,2256,0.49052462917739814,No,1321348
2021-09-23,2262,0.3064713568658042,No,685156
2021-09-23,2264,0.0028894742321336755,No,17605
2021-09-23,2266,9.146537137689333e-4,No,3027
2021-09-23,2271,0.46552755893178127,No,762208
2021-09-23,2272,0.4928528386306281,No,1101831
2021-09-23,2293,0.4432016932820578,No,918964
2021-09-23,2294,0.19456139622773477,No,593533
2021-09-23,2295,8.315033761535756e-5,No,58
2021-09-23,2301,0.2121476926333829,No,524298
2021-09-23,2303,0.18798212576391962,No,558965
2021-09-23,2307,0.1182085987124327,No,89634
2021-09-23,2308,0.0020995460247877785,No,3373
2021-09-23,2309,0.09064426179294167,No,106067
2021-09-22,2311,0.030879956631903415,No,32013
2021-09-23,2314,0.008075976540891604,No,5524
2021-09-23,2315,3.3260135046143024e-4,No,209
2021-09-23,2316,0.26485461288931766,No,501838
2021-09-23,2328,0.3183202799759926,No,696862
2021-09-23,2332,0.2500746403781879,No,326595
2021-09-23,2334,0.009395988150535405,No,9482
2021-09-23,2339,0.001299224025239962,No,235
2021-09-23,2341,6.444151165190212e-4,No,877
2021-09-23,2342,0.34807770705008867,No,808850
2021-09-23,2357,0.004500512023431228,No,6037
2021-09-22,2369,0.3270302778412013,No,354599
2021-09-23,2371,0.11787599736197127,No,281808
2021-09-23,2377,0.21822806107150594,No,547895
2021-09-22,2378,0.008127945501901202,No,3706
2021-09-23,2381,0.01777338466528268,No,21662
2021-09-23,2382,0.053569605008694114,No,180016
2021-09-23,2383,0.029196162295192427,No,122339
2021-09-23,2384,0.0012888302330380423,No,9607
2021-09-23,2385,0.2918161098610974,No,861266
2021-09-23,2387,0.0031181376605759086,No,7339
2021-09-23,2390,0.2126154132824693,No,553180
2021-09-23,2391,0.28530959594269567,No,1024670
2021-09-23,2395,0.3383595113412938,No,711069
2021-09-23,2397,0.07708036296943646,No,91432
2021-09-22,2401,0.15981494889671724,No,194329
2021-09-23,2404,0.23446316449090449,No,345193
2021-09-23,2405,0.045888592571475456,No,386769
2021-09-23,2408,0.0032324693747970254,No,7388
2021-09-23,2410,0.23601183952899055,No,511241
2021-09-23,2412,0.11535030585690478,No,135581
2021-09-23,2420,0.001465524700470677,No,279
2021-09-23,2431,0.2913587830042129,No,555093
2021-09-23,2436,0.011027813526236798,No,24126
2021-09-23,2440,3.118137660575909e-4,No,58
2021-09-22,2446,0.12076547159410495,No,135338
2021-09-23,2447,9.666226747785318e-4,No,8540
2021-09-23,2449,0.022762404922204132,No,11021
2021-09-23,2451,0.03204406135851842,No,40310
2021-09-23,2452,0.005955642931699986,No,6662
2021-09-23,2453,0.006984628359690035,No,3477
2021-09-23,2455,0.012139949291842205,No,7435
2021-09-23,2457,0.05166754103574281,No,194634
2021-09-23,2460,0.0017981260509321074,No,3396
2021-09-23,2462,0.26545745283702904,No,751171
2021-09-22,2463,0.10794992580913797,No,622956
2021-09-22,2464,0.2606970960085498,No,510514
2021-09-23,2466,0.038436243562699035,No,40995
2021-09-23,2474,0.01675479302949455,No,18059
2021-09-23,2475,0.1725577381362708,No,294688
2021-09-22,2479,0.007961644826670488,No,3132
2021-09-22,2481,0.01129805212348671,No,6621
2021-09-23,2486,3.222075582595106e-4,No,354
2021-09-23,2487,2.182696362403136e-4,No,140
2021-09-23,2491,0.3336303358894203,No,922942
2021-09-22,2494,0.007712193813824414,No,10247
2021-09-23,2495,0.4669099332946366,No,850863
2021-09-23,2497,0.02402005377863642,No,13985
2021-09-23,2499,0.020257501001541486,No,27791
2021-09-23,2502,0.1850095011941706,No,264864
2021-09-23,2503,0.006610451840420926,No,4951
2021-09-23,2513,1.3511929862495604e-4,No,0
2021-09-22,2519,0.0034923141798450176,No,1175
